MAV_1,ZC_1,SSC_1,WL_1,VAR_1,IEMG_1,RMS_1,MAV_2,ZC_2,SSC_2,WL_2,VAR_2,IEMG_2,RMS_2,MAV_3,ZC_3,SSC_3,WL_3,VAR_3,IEMG_3,RMS_3,MAV_4,ZC_4,SSC_4,WL_4,VAR_4,IEMG_4,RMS_4,MAV_5,ZC_5,SSC_5,WL_5,VAR_5,IEMG_5,RMS_5,MAV_6,ZC_6,SSC_6,WL_6,VAR_6,IEMG_6,RMS_6,Label
12.908808131153885,72,125,2304.0613914872038,460.83897509599774,3227.202032788471,21.487879192935374,6.542864445023331,61,130,1135.710157946675,80.77749101211472,1635.7161112558326,8.99008044685476,4.396799172504028,86,166,1010.7543372135866,24.814289406886385,1099.1997931260069,4.98438749790568,3.8483374986937067,95,155,1062.858601290208,20.123858525244806,962.0843746734266,4.48615062322651,1.5690707887355613,56,167,360.11902610167135,12.050885455038198,392.26769718389033,3.476563850298625,4.6013210606620465,88,167,1206.994015527534,40.451783356741316,1150.3302651655117,6.36096099849322,0
12.53373333197311,66,119,2641.992727669497,352.27520752241315,3133.4333329932774,18.774682830988514,6.222888010793579,53,130,1153.6556510361315,67.3665566842851,1555.7220026983946,8.207771305764828,4.155721257896471,84,173,1014.8919441322556,21.68713207803873,1038.9303144741177,4.6603338544213075,4.217894427343332,96,167,1079.5228128079661,22.409969995925017,1054.473606835833,4.739919080554871,1.2192873836288767,89,182,368.5255435785626,6.172867459918801,304.82184590721914,2.485585135808114,4.761927965337494,77,161,1130.4672721514874,49.45435881062904,1190.4819913343736,7.045557895071638,0
18.685501727891822,60,101,3591.537323415145,797.98484858155,4671.375431972955,28.262789191456292,6.664131963283946,59,131,1305.5291083196848,66.99910735851805,1666.0329908209865,8.187030223434295,4.129479492381391,83,165,979.002131910144,21.146288687953657,1032.3698730953477,4.6027362294611205,4.077056400696495,88,165,998.3045568326829,21.33054662563444,1019.2641001741238,4.626533654594646,1.413296014395241,76,181,316.8236562343839,7.173033408571832,353.3240035988103,2.7037633196920643,5.76006330687143,68,145,1044.6909156459728,61.8037681384059,1440.0158267178576,7.931161138571499,0
14.469360999037297,72,112,3124.9500842055186,378.3554352961473,3617.3402497593243,19.45690580407541,6.104415943981149,56,127,1071.87435275407,60.58618295191041,1526.103985995287,7.784057861919163,3.756224460737113,78,171,966.6881482641727,19.18295431086672,939.0561151842783,4.380531229400517,4.271201303191141,96,164,1111.65728687043,22.45049839466851,1067.8003257977853,4.73824997784555,0.8838709014992684,107,189,330.75475823464944,3.945640530835005,220.9677253748171,1.9863721493269826,4.64753476132941,58,148,958.2023494509822,36.51439399707524,1161.8836903323524,6.045551620637891,0
14.95431079622853,76,111,3484.5174512010562,414.7585898089519,3738.5776990571326,20.37571512618505,5.6659153606793335,75,131,1157.4687677779384,52.340061444430276,1416.4788401698333,7.2412192479128725,4.150186827867402,93,161,992.434850162173,21.106990700710128,1037.5467069668505,4.594277537017584,4.166473824334717,97,165,1080.6265488431345,20.729512510662715,1041.6184560836791,4.554396737217769,0.40658775538866965,72,167,154.34414843166422,1.3276780419877205,101.6469388471674,1.1522678308188474,4.605763779096195,63,138,965.3140629271304,36.32380953144041,1151.4409447740488,6.0346974797536195,0
20.677224149689764,56,98,3975.85504134219,814.5258983554528,5169.306037422441,28.567593190429676,5.459001050830056,74,145,1165.2737331188428,43.91760545495113,1364.7502627075141,6.627876574673546,4.506678549968698,108,163,1149.8718586271339,22.692147688895783,1126.6696374921746,4.767398555697833,4.524200261261496,84,154,980.0811869639351,24.34827126659727,1131.050065315374,4.93472794910663,0.6176109050577268,96,209,252.99927889883594,2.3029949335757016,154.4027262644317,1.51766953477701,6.147868730607223,63,135,1238.5737604343287,68.30065782645595,1536.9671826518056,8.269229974875222,0
17.883353266146653,55,110,3474.920106864266,540.6540969928442,4470.838316536663,23.255282821025883,5.423982124765265,72,143,1045.8319679550139,48.19631894073794,1355.9955311913163,6.945827125414585,4.279470907003196,105,160,1086.6353991199821,23.10281878290435,1069.867726750799,4.806615121188063,4.004700075305007,79,164,983.2451209674307,21.19622999699907,1001.1750188262517,4.603968348519471,1.17236588922146,133,197,456.3243136490372,6.214699449495802,293.09147230536496,2.4929962915360946,5.803177059227366,67,152,1316.5907317719893,59.43000962166633,1450.7942648068415,7.715978587188982,0
14.32656026200109,69,119,3102.188665945317,488.4988358236609,3581.6400655002726,22.114495410950703,5.5414213503550664,71,136,1206.1136149052568,46.92257924387474,1385.3553375887666,6.853342983412592,3.9333435701216852,95,149,1041.2563884290043,20.291198175827034,983.3358925304213,4.509002743321906,4.289791399216365,99,158,1053.687417743418,22.21443509162424,1072.4478498040912,4.7140107066513695,0.8409154001869242,89,149,275.85352100175874,4.581989945396903,210.22885004673105,2.140580706184187,5.595890188424377,69,149,1144.688014508325,75.60713779882869,1398.9725471060942,8.706034334990875,0
18.730040867240195,66,106,3833.803857455786,590.5235119659035,4682.510216810048,24.30933790439791,5.692007168049609,63,148,1115.0927087333218,47.60525603287816,1423.0017920124023,6.900107660855373,4.512984387060931,105,161,1236.155825645643,27.362114217267777,1128.2460967652328,5.230942957539942,4.940590918562443,91,155,1154.3098547870416,33.642695220272806,1235.1477296406108,5.8023143245179165,1.3706619131748776,83,201,444.20712299371826,7.286076072814993,342.6654782937194,2.7035313095427504,6.1329973579139825,77,147,1353.3122278547085,59.95142736700686,1533.2493394784956,7.74316759532042,0
40.353140581867315,63,97,8133.909067290764,3312.204776541338,10088.285145466829,57.55188206485103,11.574338559911975,75,113,2433.304436007745,248.32111959973213,2893.584639977994,15.77446842880198,15.291646342235868,67,119,3202.552719993036,443.79817418357555,3822.911585558967,21.0714897415841,11.726112884229192,64,109,2252.0776380198404,257.04180363373166,2931.5282210572977,16.033005239847714,5.171694318906823,80,135,1209.4172414274892,51.824783584323704,1292.9235797267058,7.205227917918957,9.312354933667816,53,132,1847.9074496798453,149.79745147311647,2328.088733416954,12.239905409238707,4
111.04097831016759,66,99,22986.81815754001,22004.286473536587,27760.244577541896,148.3741154784928,42.41487314958771,71,113,9504.17617249375,3589.6514193264993,10603.718287396929,59.91870125020409,54.417638117195686,79,117,13125.333559276056,6779.90205531056,13604.409529298922,82.3415195833016,27.628959606261233,65,99,5365.677102419864,1514.0996603668864,6907.239901565308,38.91163285874867,12.826233646252986,78,124,3117.708521492382,339.90337946624135,3206.5584115632464,18.4370163471785,26.08600029953174,68,113,5817.056684895528,1191.5542608814173,6521.500074882935,34.51907941247157,4
187.25629515469814,65,102,40750.17492555446,56211.374649131634,46814.073788674534,237.23197788031746,87.01291014741145,69,102,18683.38582556502,12135.37570262541,21753.22753685286,110.17461596196094,83.07834997291768,66,109,17369.43484313981,12115.859409699238,20769.58749322942,110.13288310423972,43.829399569928206,70,90,9378.445221429862,3437.7651134040552,10957.349892482052,58.656697434903855,23.92887913554427,71,113,5037.187476217267,962.239822910385,5982.2197838860675,31.019994198848085,57.388368677411734,65,94,11333.883459511184,5556.001325762166,14347.092169352933,74.56587923722739,4
163.43867633485638,68,110,35274.864910519485,46099.463739807186,40859.66908371409,214.80618214293074,75.39495230134719,64,107,15512.922460579673,9460.160347998137,18848.738075336798,97.35774717249775,65.12912697407779,83,122,17274.592284705082,8454.013542904779,16282.281743519447,91.9466528730816,40.64550061751771,77,106,8332.027998609115,2926.715292800167,10161.375154379428,54.10406837867554,24.16923396357192,64,106,4603.736962179291,958.2699736142763,6042.3084908929795,30.956438511837465,50.27177568265739,63,100,9694.569562114822,4713.0808859062645,12567.943920664347,68.67975535024448,4
132.00437987769826,69,97,27908.43022048523,33920.79652568902,33001.094969424565,184.19590694605344,50.59577961694165,65,98,11312.629521422325,4448.980868290648,12648.944904235412,66.70914780373356,57.27811735906426,77,119,13995.377333281358,7520.535747281941,14319.529339766064,86.75131356074108,36.74688016651449,67,106,7864.640075355883,2879.665723547325,9186.720041628621,53.693752677781625,19.034498517036628,72,116,4075.1660995924217,656.1181657572805,4758.624629259157,25.614870006427928,60.04852658357076,63,85,11168.589581081887,6959.970360629109,15012.13164589269,83.43195783228472,4
94.97946906153598,68,104,19300.354972022476,16559.983247287073,23744.867265383997,128.68801408484754,42.55192016930613,68,114,9410.50915832616,3024.2953551860624,10637.980042326531,54.99985353905858,44.915379778718254,77,121,10490.531067278016,4942.851908101183,11228.844944679564,70.40705877882087,31.905577892573703,65,106,6220.255464140224,1767.6811679118955,7976.394473143426,42.04583046476701,13.57012679242891,77,113,2955.5669364196347,296.994303639433,3392.5316981072274,17.233523346563395,50.16279903538427,62,98,8765.059792153557,4806.023472279447,12540.699758846067,69.32706213385713,4
55.66580709236158,66,107,11600.855007125896,5313.076397001943,13916.451773090395,72.89269752151775,32.42145816239923,65,106,7009.8345685536115,1948.5562378179065,8105.364540599809,44.14272763323423,31.133791260133354,74,115,7618.961138144833,2606.207503327534,7783.447815033338,51.051071447157035,22.723412281476094,67,108,4644.482199808754,1010.4157762326275,5680.853070369023,31.788323984571246,12.662103763081092,57,107,2477.22159523896,269.5545810116547,3165.525940770273,16.41928590177195,52.77317910400872,50,99,9567.770356521383,5329.894282485303,13193.29477600218,73.03469288087472,4
34.95891953271523,64,106,7345.039951536044,2317.0746779764713,8739.729883178807,48.14569453179268,18.127002743792808,71,115,4077.2390623625524,636.6927260121378,4531.750685948202,25.23680710038907,28.938140911643764,73,119,7283.713933735451,2477.1969338590457,7234.535227910941,49.776068647326284,19.92463751310452,72,104,4288.779627731644,805.5112579542409,4981.15937827613,28.395356802451982,10.286999009320217,75,112,2070.7038064007356,197.32991624351575,2571.7497523300544,14.055978315586527,46.060775369367576,49,98,7509.652109853883,4007.8875668597666,11515.193842341894,63.35149765855659,4
26.273645147477005,74,100,5420.883865768308,1251.7413698397988,6568.411286869251,35.382100764038924,18.748170971144393,69,122,4243.6208478749795,1343.5845192204106,4687.042742786099,36.65522237162533,19.60585178061875,82,126,5052.572097802303,1046.8302561622277,4901.462945154687,32.36507749854557,16.339048373389222,70,104,3404.2581150968226,587.9450052547114,4084.7620933473054,24.24781208566794,8.263199359010297,60,106,1655.290320287741,127.51952152114744,2065.7998397525744,11.292711068150117,35.58877851021534,55,93,6475.576630732144,2654.418452053431,8897.194627553836,51.52603717699357,4
20.062923667537913,65,107,4307.036255648159,927.3766180577325,5015.730916884479,30.458216278073603,9.671769929244112,79,125,2195.256025454296,208.85156124782387,2417.942482311028,14.456467708194891,20.09789870951489,64,132,4499.49475337562,1183.5561735204715,5024.474677378723,34.41076066633018,10.626929287418923,64,128,2157.39620582655,233.51926536295804,2656.732321854731,15.290400010524857,8.117670833288324,64,127,1546.8520446049515,150.20976740798275,2029.4177083220811,12.25612061641049,40.49707133310996,53,98,6300.052910790675,4061.0723962977686,10124.267833277489,63.76880627376394,4
12.271252937445755,59,107,2425.6673494815086,308.2244670700567,3067.813234361439,17.556535768594802,5.486470773092825,78,123,1216.5598364200202,48.955341021342115,1371.6176932732062,7.004558920964689,6.958624488520681,87,137,1610.6808300517048,130.54976376786178,1739.6561221301704,11.435462484374636,5.7360578852257795,75,151,1165.641838113114,54.336135898255975,1434.0144713064449,7.375532835863911,2.9513525264241345,94,177,714.261046497073,26.031529076649463,737.8381316060336,5.114668286181998,17.575701599460736,47,100,2674.349903259812,714.7010292996922,4393.925399865184,26.794801545994403,0
13.588819903566804,50,112,2455.4038302482277,366.2346671829901,3397.204975891701,19.14037542925349,5.106993324994571,70,142,991.5998627611693,38.09176959519908,1276.7483312486427,6.178104151087079,4.44804700406095,105,163,1233.9329332911645,44.925000500121094,1112.0117510152375,6.713975213301062,3.849389952501355,109,167,1092.379730878731,19.702554298555018,962.3474881253387,4.439204762129123,1.8403077417070013,74,172,447.07897383887814,10.620532360513124,460.0769354267503,3.2589170470765594,10.80861216033122,57,110,1955.0219468161092,220.5124144558222,2702.153040082805,14.849666914044727,0
11.114974801835713,62,120,2400.644263110243,294.0301625659687,2778.7437004589283,17.15288856574884,5.298473100883873,74,150,990.7957162113753,41.2480188455949,1324.6182752209684,6.422466595361695,4.018999498155658,90,162,1002.4470834731167,20.104435891343073,1004.7498745389146,4.48563220952292,4.183305995534598,85,169,988.967241163029,20.696151178250734,1045.8264988836495,4.54965109076275,1.4914858519431773,82,174,438.56570506123023,8.785224994225004,372.8714629857943,2.9640608170978657,8.817002369282479,56,122,1643.425845262043,163.38722579455285,2204.2505923206195,12.782312353595056,0
16.391010381907886,63,101,2966.2353288737263,573.9619880625728,4097.752595476972,23.986004516184014,5.195770566532137,70,146,963.0873284319223,39.2825714476468,1298.9426416330343,6.267609087524458,5.1525585955117315,96,160,1212.2430239937887,45.19487325718768,1288.1396488779328,6.723234053005287,4.49190929494863,89,166,1017.1188520770097,24.844316520720678,1122.9773237371573,4.984407771529032,1.8288932421287232,44,163,362.3258628692406,10.398454504054962,457.2233105321808,3.228272172735955,10.089169412754138,58,117,1706.8027356603843,217.05161745672382,2522.2923531885344,14.732848608868915,0
15.840841995488715,61,112,2910.5035217258683,538.3070636694433,3960.2104988721785,23.202166508831002,5.7052149707014,70,141,1142.758411514374,51.193110724702024,1426.30374267535,7.161885707297453,6.171188190665803,82,148,1321.8871297905457,69.64495964866953,1542.7970476664507,8.349987614861808,4.730989742587755,85,154,1095.0180516873947,30.757476406164397,1182.7474356469388,5.546773612501146,1.6741332756544316,80,169,399.03815567105175,12.15867840128966,418.5333189136079,3.489023645293444,10.007152976852257,65,118,1872.5821382448835,236.71879091476012,2501.7882442130644,15.41179052046219,0
35.029379088844074,52,100,6356.143691433966,2255.1660974101324,8757.344772211018,47.58145469289948,9.316187510944529,77,138,2040.6573123943606,177.70603387896327,2329.046877736132,13.333134673843693,13.79753228238876,70,114,3363.1464713577316,435.1961923930993,3449.38307059719,20.867794781774077,9.923036751568771,65,132,1916.4368592068759,194.80212929510145,2480.759187892193,13.964657363769838,3.5529979564041403,93,163,946.9342132384173,32.66461107689566,888.2494891010351,5.716289895874388,11.014492471644848,60,112,2184.128355243284,211.22763578759407,2753.623117911212,14.551245989107725,4
110.42444595586922,70,89,22670.48206440736,21733.047674474274,27606.111488967304,147.46297423961897,37.93770345484676,73,111,8290.344173574416,2601.638045096909,9484.42586371169,51.02995280459737,53.694150288016885,75,110,12932.848758093809,5507.75670082481,13423.537572004221,74.22040786870745,29.243772040336218,60,99,5714.214360472776,1550.258535351552,7310.943010084055,39.42830709798175,12.701315882530977,72,110,2791.883090697349,280.28098519214507,3175.328970632744,16.74166146254964,32.00800725433759,70,106,6446.020479308295,2145.830908594824,8002.0018135843975,46.33321582376899,4
148.55261935888038,74,111,33796.332624468676,37386.51134548012,37138.1548397201,193.395927104467,75.06893643838809,70,115,16709.896253868945,9197.756030136188,18767.234109597022,95.92568638105747,79.27705848360702,78,117,19061.909181875068,11176.46820371502,19819.264620901755,105.72001161517578,41.817153152094086,72,106,9488.001990745222,3278.4080792020873,10454.288288023521,57.257554743627686,23.90501667755316,72,101,5187.60324874494,955.8754724974903,5976.25416938829,30.918062497009537,48.65416258943297,74,99,9821.035897695798,3800.9061372594647,12163.540647358242,61.656850546743506,4
202.4587272344713,62,99,42539.175632227176,68682.74803300756,50614.681808617825,262.0743437715006,84.54169866835039,62,99,18499.986220131927,12141.603838769337,21135.4246670876,110.21093906581173,101.28299303249405,81,111,24308.759115171182,19337.864619021766,25320.748258123513,139.07895218810134,55.47297711374182,70,102,12661.897424036244,5410.1145874275535,13868.244278435455,73.60244786032882,29.02080001552776,64,96,6315.523207237191,1322.7037051531036,7255.200003881941,36.412513306227076,56.21234834183505,68,102,11580.09978249166,5723.887171775961,14053.087085458763,75.67217336626099,4
181.74134416761666,71,105,40513.99133887093,55909.35259696726,45435.336041904164,236.4542883136252,76.63360796347379,73,103,17181.63554873561,10659.369195857957,19158.40199086845,103.25634788201742,71.86274961076832,82,112,19676.005474311278,10398.859692168484,17965.68740269208,101.99057414387333,62.408519373859946,73,101,14081.472737905406,6801.609250553363,15602.129843464987,82.48495184664036,26.618762819228134,62,111,5708.755663989445,1246.9429828558207,6654.690704807033,35.3211118720081,57.8322716134809,68,103,11422.51815793658,6271.635109265696,14458.067903370225,79.19390413599102,4
175.05021885507716,60,99,35881.928538256376,49290.086451463845,43762.55471376929,222.5949813411006,81.23196873251852,68,106,17743.9750929901,10094.97501473136,20307.99218312963,100.58549060779163,71.1912173803392,77,117,17732.39424676622,10438.342757054328,17797.804345084798,102.2896028562973,49.27073729266829,60,103,9801.018793607474,4907.34127116639,12317.684323167072,70.11461891056652,24.4716720766804,57,95,4819.476274973985,1025.0058649715354,6117.9180191701,32.02356900972558,50.674343238318926,62,96,9409.231729067527,4147.453793285824,12668.585809579732,64.40404734539143,4
112.22633134603102,71,101,24382.28563734222,26632.928053345484,28056.582836507754,163.19648761248945,43.105260275318706,74,113,9978.061878070655,3168.5724857196774,10776.315068829677,56.29152858992188,43.68531685534032,81,116,11810.806296283168,4651.803740134879,10921.329213835079,68.20528324833862,38.16549634593488,68,95,7775.230246819505,3042.554270987161,9541.37408648372,55.19918899874095,17.09945401120772,62,103,3324.479664161421,520.2261319416226,4274.86350280193,22.81291715338329,46.068424867548494,59,91,8202.86426010036,4713.119051368519,11517.106216887123,68.67338073829151,4
52.800490913095175,68,99,11140.67779323023,5387.605003527094,13200.122728273793,73.40363082326017,23.129800057776183,68,111,4754.542136239626,1093.890962054902,5782.450014444046,33.07607416148555,24.731872832834796,76,136,6740.806044876772,2480.933252278785,6182.968208208699,49.80905312929432,14.869120692636994,69,119,2981.5197720919978,529.7207406047579,3717.2801731592485,23.019967401084457,11.529742787639476,59,117,2159.1776603568665,232.4227533376731,2882.435696909869,15.245833447170703,38.59321699139814,53,80,6002.001251886899,2879.299134260451,9648.304247849534,53.66836396877686,4
22.745095600372654,62,123,4638.683567171041,1052.0234363285483,5686.273900093163,32.451859661718636,8.587607780138613,83,133,2095.3191147782004,157.19975886197497,2146.901945034653,12.539940389904219,20.052302562846556,82,125,4898.812263811094,2176.0168619544124,5013.075640711639,46.65356100867682,9.73993196607126,74,127,2178.735724377103,211.7095184721349,2434.982991517815,14.555924102688724,4.974714867908926,75,143,1163.9659519718448,50.8726907201186,1243.6787169772315,7.13275697295563,24.668588515813674,47,98,4211.394622705835,1138.8500456900979,6167.147128953418,33.750042846820264,4
17.24617487380086,63,107,3317.9233627485996,638.2343694324386,4311.543718450215,25.264437733135875,5.907200154618767,85,144,1421.3333742974703,77.18202307025906,1476.800038654692,8.78595963571191,8.288497495109263,76,133,1898.05580101108,147.022882965475,2072.1243737773157,12.126974148559967,5.942524419879437,76,151,1269.7329140767838,62.891462349424174,1485.6311049698593,7.933201680451563,5.1407353406019505,50,144,970.8606199513777,72.29080446500473,1285.1838351504875,8.50302179926504,28.096688719203172,44,100,4281.984957498165,2297.49441588719,7024.172179800793,47.93246462673084,4
11.474416252164573,58,120,2198.947761791799,311.44545245471073,2868.6040630411435,17.6478568434071,5.226488950197262,81,146,1272.035199558813,46.49761655668237,1306.6222375493155,6.821502326048442,5.463149364408028,73,155,1173.0374952500192,58.799866178101325,1365.7873411020068,7.671533270613412,4.315606540190499,88,158,985.195231934846,22.10869964797337,1078.9016350476247,4.7037457263139055,2.5690509543680036,48,142,507.95181475153163,18.549729613695447,642.2627385920009,4.308202693445082,12.49611842633818,54,125,2154.482909461909,381.18417606216184,3124.029606584545,19.530535165380766,0
10.981777534829847,62,117,2128.277887618555,256.03494576100456,2745.444383707462,16.00132337873511,4.378685132675794,74,131,942.9452210872614,32.63859690234732,1094.6712831689485,5.713948568412123,4.295340711022545,84,161,1100.200717896691,36.388623828573614,1073.8351777556363,6.034145051107875,3.758502713497745,73,171,823.9789709546335,18.729591956112642,939.6256783744362,4.328980922327374,1.5983444942223988,55,185,397.8454348037059,8.501148460685005,399.58612355559967,2.9157565940772856,8.792040838506733,64,125,1737.4156736797245,146.43639784554503,2198.0102096266833,12.101124545667941,0
9.723875407305146,70,123,2075.477316833072,187.7064213410373,2430.9688518262865,13.708984309120765,3.9224697868805793,92,144,1016.9748540740579,26.89137229028379,980.6174467201448,5.185840991972987,5.904678355731613,83,156,1440.0437916108463,76.64030373375752,1476.1695889329033,8.757226481789324,4.244133878464075,88,165,1033.902494874806,21.75679253939193,1061.033469616019,4.666960678520269,2.2712283568853997,63,172,519.0721823287787,14.644927085018137,567.8070892213499,3.8269015048405826,11.620459803433663,61,114,2074.1938302829203,287.0288743883224,2905.114950858416,16.94194159514872,0
11.486048559467969,60,115,2337.0543024481785,260.4415067108881,2871.512139866992,16.1504854147061,4.340855278943187,92,156,1160.711145285082,33.3474541140194,1085.2138197357967,5.776466756617783,5.128517475528102,93,169,1342.5042431696565,64.26906512726892,1282.1293688820253,8.020274700957312,3.9752293815580098,91,172,1045.5313585949216,19.904638292652333,993.8073453895024,4.462782171040697,1.9156830720974862,61,181,466.014641756218,10.843559379343144,478.92076802437157,3.293616569894297,9.85390305704961,57,123,1733.5984745850387,191.05937265005932,2463.4757642624027,13.829869996728446,0
18.63646367103578,53,101,3547.823544085375,579.2734589797842,4659.115917758945,24.068155415539536,7.225577965157532,86,120,1653.9714334641667,92.81139583094286,1806.394491289383,9.63684721881366,14.876328525845391,64,129,2999.1543739562767,493.9376537621293,3719.0821314613477,22.226272183145035,6.657641847679984,74,149,1298.4631869323748,73.6277595636896,1664.410461919996,8.583741171300966,2.79747624141177,72,182,673.4212857723412,23.642333810144866,699.3690603529426,4.862365719595212,8.910948575785707,69,138,1850.865040947888,142.06543277929515,2227.737143946427,11.921146407214989,0
31.07219381985703,56,92,6245.661278708463,1792.8894010716733,7768.048454964258,42.354749290447764,10.875123436121395,68,117,2408.077536890055,201.6547374387508,2718.780859030349,14.200923283548553,15.149751747331734,67,120,3445.1066542476456,463.02824425776834,3787.4379368329337,21.518157037433056,10.793026085353121,58,114,2244.3726111678716,203.53366234919477,2698.2565213382804,14.266527417630135,3.7408137475735894,98,164,1022.6739157001913,31.43229350875299,935.2034368933973,5.609003528886292,10.809003159572036,66,115,2127.769308602098,195.0317670518089,2702.250789893009,13.967418056236056,4
89.8592092434099,60,79,16642.20515855279,16751.9136013388,22464.802310852472,129.53637420948056,28.03228488412715,64,112,5699.036236412818,1724.1087879497754,7008.071221031788,41.52906963482077,36.64683411758352,64,112,8274.456609165149,2852.217836613116,9161.70852939588,53.4086487978865,19.76976954972993,55,112,3709.9846573762225,737.1488525122776,4942.442387432482,27.15049689949673,10.967932117254474,75,128,2143.6760407839183,269.0791068217547,2741.9830293136183,16.405598019714652,21.43775793393696,57,111,3933.2692070996336,850.7003959425091,5359.439483484241,29.179325273680988,4
142.87171015749118,71,102,28851.30259984188,33282.8353175281,35717.927539372795,182.441790582914,54.190253992248415,77,104,11485.034489350262,5115.748929349209,13547.563498062103,71.5251679931862,68.89018162317917,92,120,18565.659239282024,9336.520316749466,17222.545405794794,96.62920782813772,37.22798449933446,70,100,8147.518462615841,2145.103928785465,9306.996124833615,46.31541567516788,17.01755023506507,66,121,3657.8671560938988,487.2047035926795,4254.387558766268,22.085723534480554,39.6583064563513,65,106,7924.404615567898,2538.780173085731,9914.576614087824,50.41069235186175,4
187.40133030932967,62,93,37177.68051651937,58127.17604193292,46850.33257733242,241.40105692773415,65.52742160102859,68,111,13947.25175938978,7249.778828599137,16381.855400257147,85.2403540114578,80.2370689458159,91,121,21509.63487829437,12394.618066126784,20059.267236453976,111.35942782228038,45.06366698288353,76,107,10768.901292434068,3414.7067330798536,11265.916745720882,58.43619711855988,25.15626694708825,69,107,5289.811127048904,978.4756771999375,6289.066736772062,31.285595277767218,46.81465122911965,62,105,9587.030122477288,3518.9602229377456,11703.662807279912,59.38096052597807,4
182.22928582769842,61,99,38054.2860728349,58521.00021354942,45557.321456924605,241.93703841665877,72.7218691551559,69,117,15916.9497837142,8810.130010101246,18180.467288788976,93.9384982842356,81.190686719052,87,118,21350.486459068692,13651.44665239728,20297.671679763,116.90719253826099,55.408470320935,67,101,11613.289685849342,5185.428589282208,13852.117580233751,72.11026831398729,27.608991585931395,68,102,5499.967924399398,1163.9874620076878,6902.247896482849,34.11726882836791,48.46824262195173,67,95,10552.892231462476,3770.058102094152,12117.060655487932,61.40118095549359,4
167.8089991068174,63,103,35234.92414695324,48017.59211731422,41952.249776704346,219.1295792325955,71.00912053762784,71,110,15850.02204624187,9208.56177423508,17752.28013440696,95.98807641717409,73.95946274273129,80,122,18532.023517586742,12553.851287460504,18489.865685682824,112.09801757923952,43.604340680611074,82,113,10546.677728492241,4015.0246334652975,10901.085170152768,63.366340037853156,30.27235626701371,67,100,6026.773260890397,1757.817743243466,7568.089066753428,41.99754901613005,52.48085617580319,64,111,10133.482460742154,4770.248142217602,13120.214043950797,69.12416671713366,4
105.91387767011616,62,95,20920.04950374176,23050.21615657537,26478.469417529042,152.11644888381252,42.460721011844946,66,107,8917.848083195162,3650.9307077246785,10615.180252961236,60.58032440614499,42.915364219233396,73,127,12091.189637795676,5190.376361995427,10728.841054808348,72.04609845030483,31.553704677271746,64,113,7363.541289659329,2185.231062686091,7888.426169317937,46.7465416911087,15.539250605805568,74,119,3579.630740831177,420.4044747644313,3884.812651451392,20.506360653428125,34.811258652507064,62,95,6257.5517917967145,2439.098729624112,8702.814663126766,49.44670604992733,4
38.58661231625763,56,108,7039.796923154012,3458.852355348221,9646.653079064406,59.08604660144764,15.856957429709786,56,120,3041.9862738843913,545.4644551488151,3964.2393574274465,23.516475916823236,18.279827306787617,71,137,3759.1118897226934,1105.7043944607185,4569.9568266969045,33.3737349485323,8.866729940185447,79,138,1853.6174920796475,180.69359718305572,2216.6824850463618,13.47822652621898,4.896845749371404,79,148,1076.0278146659862,60.56273379438605,1224.211437342851,7.829803327048212,11.6171646502378,60,110,2324.1240594953215,294.47458878184864,2904.29116255945,17.209766455653252,4
17.034003976742934,68,112,3028.970595065413,770.4244126827745,4258.500994185733,27.80117514046525,7.6365554393699915,64,122,1319.3571141872014,166.6158374109578,1909.1388598424978,12.967735092182915,6.388455655302908,66,151,1106.2831149677709,158.52064782379696,1597.1139138257272,12.68821209242523,4.598097452723378,76,165,1022.6592118378029,29.44495574002062,1149.5243631808446,5.4290081725938375,2.594585429014139,67,155,514.7588345964646,22.53620723249322,648.6463572535347,4.771106700926034,10.984180692626591,44,119,1666.3552619994803,226.84172586829945,2746.0451731566477,15.076972836534827,0
10.61185555803711,63,136,1967.1268387144978,257.3212483198418,2652.9638895092776,16.041482328594967,5.427015305639693,70,131,970.6106110998041,46.454428113144104,1356.7538264099232,6.819649026621687,4.2624185076566175,96,160,1075.3105719640012,21.36569827182207,1065.6046269141543,4.622662247354122,4.113166023781487,98,165,1070.4226904312704,20.237589217339714,1028.2915059453717,4.500718843525658,2.2657383606501136,53,179,473.3065786775535,19.83373055901139,566.4345901625284,4.453615900292069,11.294777091244931,49,119,1620.5905293382073,309.94938095443445,2823.694272811233,17.606835214055142,0
9.752967311564127,58,121,1775.0972028128717,186.1999567686706,2438.241827891032,13.65228331163696,5.538461235574168,58,137,986.7705687197824,44.42364562388981,1384.615308893542,6.666573529771323,4.230047741705363,108,151,1114.773346032102,21.131072792106394,1057.5119354263406,4.596855255091042,4.376088177387577,91,165,1049.0275720515986,22.228601405181784,1094.0220443468943,4.721118193723008,1.1378843226103452,74,171,386.7533180314508,6.293373000758578,284.4710806525863,2.5086710752602377,10.42189815453695,64,126,1854.6248732484478,218.06814939381053,2605.4745386342374,14.787475902927481,0
12.496959331114285,58,106,2241.4603766241316,271.00199401128896,3124.2398327785713,16.46214335595559,5.308063571625036,56,147,884.2775725281823,39.28540636414968,1327.015892906259,6.272692123598638,4.073667777165462,102,172,1100.0901469152313,19.968020154379833,1018.4169442913654,4.468678444621343,4.307963883887365,94,159,1031.0476281900455,21.863680808028008,1076.9909709718413,4.679006084092196,1.123195223175584,57,176,303.4561260588563,5.803141021090098,280.798805793896,2.4089715386961803,8.449050250416798,65,124,1658.7070220286294,155.33558841053986,2112.2625626041995,12.46446550031037,0
10.92056517044385,65,109,2218.6587551279217,249.0702254643975,2730.1412926109624,15.786906985806523,5.19299615392837,64,143,942.6229264229729,40.55878916809002,1298.2490384820926,6.369529905144069,4.382662586753288,92,159,996.4903137349924,23.821233757900224,1095.6656466883219,4.88103725963835,4.268189473818885,92,175,1048.7122978881607,22.40926171774304,1067.0473684547212,4.7340595879671055,1.7000821065125156,69,189,470.843082123774,11.09710513353645,425.0205266281289,3.3317836705166437,9.873036773125358,54,116,1880.839970816172,185.87779269534911,2468.25919328134,13.635447038598949,0
11.72861822055369,61,121,2371.8817269608735,280.2086829984301,2932.1545551384224,16.739575833019124,5.5298875712710425,68,149,1111.3660777739483,44.438297000723004,1382.4718928177606,6.671590907982644,4.0665831741454275,89,155,1007.769237811161,21.74532934778545,1016.6457935363568,4.664154121917126,8.008412435954545,62,130,1578.1479594588275,156.5915561905864,2002.1031089886362,12.516346413457885,3.25510495299958,48,117,591.6428090328676,41.43496319240394,813.776238249895,6.437160289690764,12.006390143055837,66,110,2283.0186881749223,315.5008782315261,3001.597535763959,17.771071874521663,0
18.94168806347098,61,103,3556.7135956789,629.5617934571206,4735.422015867745,25.093298375016655,6.419811484094149,72,129,1316.5407338226723,65.07898587676759,1604.9528710235372,8.068692990058151,9.092931957021774,90,145,2222.3651499458297,186.38161828525543,2273.2329892554435,13.653198742172469,8.678762157563385,65,117,1707.5823910016893,142.12961857490768,2169.6905393908464,11.921980161996343,3.5187680596933446,61,156,796.6762337347118,29.9932126689186,879.6920149233362,5.476616618556754,10.600551785622127,54,123,1882.2618947508652,202.59483856555323,2650.1379464055317,14.23358522541348,0
27.4865308389024,56,91,5245.093126927371,1293.4351485515572,6871.6327097256,35.96736612968853,7.083429789886908,72,135,1506.0173123864633,85.7520627127339,1770.8574474717268,9.286410540014163,9.082054091507938,66,153,2118.1356367576377,194.59571761312137,2270.5135228769846,13.949876535354749,7.296414440059845,66,134,1519.3274174552048,98.93188683424101,1824.1036100149613,9.952414117926022,3.0452383167828723,85,167,805.9080376841523,23.428302219703884,761.309579195718,4.841018050444226,11.517783583328667,60,110,2006.5204926203464,245.29169016557054,2879.4458958321666,15.66179584482853,0
66.701730917099,56,85,11934.787165326428,9086.091333666558,16675.43272927475,95.32634476710221,16.89194173046337,82,118,3925.7836886462655,514.6396639416362,4222.985432615842,22.68678377568635,29.313960220628875,71,112,6747.5339520769485,1679.8049955159672,7328.490055157219,40.98721640690393,15.165933404191913,60,113,2936.767167752553,432.51991465281594,3791.483351047978,20.837567511289212,6.326676429840341,94,138,1533.914002677359,82.09465882461164,1581.6691074600853,9.061423642075674,15.921687655573002,61,101,2985.632097753276,457.7495557154714,3980.421913893251,21.39513786008595,4
96.1588010424778,65,99,19449.180666072,15102.455562103563,24039.70026061945,122.89729472202588,29.268972150960185,75,102,6491.646406807817,1560.5021234523842,7317.243037740046,39.54164541709948,45.9978835414439,79,112,12063.91199999339,4041.6366978961537,11499.470885360974,63.67128134056613,24.540876885818868,73,103,5292.738027060184,1067.4942340868706,6135.219221454717,32.676008764856945,10.795693489632791,67,99,2234.746564072833,199.03509321350825,2698.923372408198,14.108725789411352,24.148696229725747,63,111,4891.115746366691,959.1142287135423,6037.174057431437,30.970016653816927,4
126.79978778616353,61,97,24217.993788630556,28129.21283682649,31699.946946540884,167.82434620923206,51.18432443161242,71,117,10970.989774520598,4608.114747006012,12796.081107903105,67.90495806804942,77.29582957911657,91,112,20753.90681107963,11222.910256566895,19323.957394779143,105.938350581354,34.96736309169394,68,107,7758.280607790094,1990.6622351620676,8741.840772923486,44.649366549203016,18.21807639488749,64,99,3593.846563676867,543.1845851279539,4554.519098721872,23.31371798543014,31.545307176233024,71,104,6780.960198002684,1695.703520744869,7886.326794058256,41.17992863592381,4
197.01142984720443,51,91,33974.24749547441,59484.60712610338,49252.857461801104,244.07792829418682,60.72185238004183,68,110,13105.982036800053,6589.297110442625,15180.463095010458,81.1839428427287,71.43048391757559,78,103,17656.89075935525,8394.975936401786,17857.620979393898,91.95832192940517,33.12766609349625,71,117,7222.147278238419,1921.5774020384863,8281.916523374062,43.83768635293336,20.792251629475263,67,101,4170.073721632356,708.5867165691071,5198.062907368816,26.62466283582655,45.78260657510333,67,104,8991.080174565783,3538.9340297294298,11445.651643775833,59.53718643292091,4
170.1132276707247,63,103,33732.96393007465,48650.77685857923,42528.30691768118,220.83860691435848,73.92446042575493,64,101,14726.56379584452,8891.209937567022,18481.115106438734,94.29358339115468,62.53550762932439,76,125,15629.134885695756,7399.258945886007,15633.876907331098,86.01894748949483,38.35655239136379,67,100,8237.244127563237,2598.6228513171814,9589.138097840949,50.976770728922155,23.272693962686695,57,106,4675.3662906129875,935.7417415457151,5818.173490671674,30.591424844300633,51.77541978156542,64,86,10211.16508817686,4438.772471224613,12943.854945391355,66.63879921381897,4
131.41072643726562,67,101,27380.866068927065,31271.94134429883,32852.68160931641,176.88393234895992,56.13361623949896,71,106,11655.486941594176,5676.957072443129,14033.404059874742,75.35811369118939,47.74741812644673,85,123,11974.950675986665,5155.796317189857,11936.854531611683,71.84863823098185,26.56446065799512,67,109,5387.353381654215,1411.3963829922702,6641.11516449878,37.57353191768003,18.65221684144371,66,96,3784.510728193647,603.0254166241692,4663.054210360928,24.558245502713213,59.64673466564889,50,92,10345.064473217111,7126.556591938092,14911.683666412224,84.43826746180606,4
41.81970768349702,68,111,9088.587523567849,3560.8288487479003,10454.926920874255,59.6813106481634,14.640878672124225,76,113,3220.8252449361426,381.4843000138679,3660.2196680310562,19.532433367092825,23.526002927992174,69,119,5701.329847272799,2360.9582317027844,5881.500731998043,48.641118203386625,13.014849614243605,59,118,2730.0542015419514,353.6300425426762,3253.7124035609013,18.8054817344483,8.417112180036419,49,116,1540.5829895415095,130.32655355254508,2104.278045009105,11.416563976060587,28.53963397557099,45,96,4603.91039139979,1722.341603316664,7134.908493892747,41.52207608413601,4
16.86320765122283,71,116,3503.919158591909,715.1581817775987,4215.801912805708,26.74275939715687,8.932275613753111,67,120,1786.6593076217391,121.93678645394624,2233.0689034382776,11.04770253564952,9.081955129713618,79,132,2327.9932019861776,276.6635739424956,2270.4887824284046,16.635029086228858,7.662112736330913,83,140,1781.1020705688352,117.91356006415016,1915.5281840827283,10.860606850956632,3.316341006465059,85,160,893.9829653644827,26.250496675272785,829.0852516162648,5.123654428208417,17.93680360210873,59,104,3250.5270497054385,578.9182450714123,4484.200900527182,24.060725815292226,4
12.057398852605322,57,120,2230.440861649041,285.4994925497736,3014.3497131513304,16.898805438837947,6.054269678132141,66,129,1204.9485808191675,59.07073407981298,1513.5674195330353,7.685819541016694,5.179105176381681,87,161,1174.282618376931,38.66660360791065,1294.77629409542,6.227922083287673,5.817990907486321,68,144,1166.4922410105592,64.80966508326229,1454.4977268715802,8.051377682246727,3.13613037020068,72,171,678.6479101288454,29.946234321877625,784.03259255017,5.472349972796124,16.433665539712305,59,108,2845.9424436002437,624.8643162861605,4108.416384928076,24.998459639831434,0
6.831654509093213,62,134,1388.07048085932,78.24397882956029,1707.9136272733033,8.847554486458815,5.815394054237609,60,124,954.4171570546346,46.82653024770486,1453.8485135594021,6.843102349614275,4.366879326564226,92,160,1043.363040038648,21.86870483586193,1091.7198316410565,4.676434747628894,3.9778646090864176,96,161,1075.475332492717,19.591875563464527,994.4661522716044,4.427037660828051,1.6651293264698257,66,189,413.68859479283174,10.850726213120904,416.2823316174564,3.2951477779404517,11.331380979614877,58,114,2134.95775195773,242.9456830483521,2832.8452449037195,15.59222769932749,0
6.559156871938407,62,138,1251.2935612920946,68.89186340625324,1639.7892179846017,8.30086680575113,5.290154852531139,62,138,948.0831257035668,41.09909286391638,1322.5387131327848,6.414074529305681,4.197709854443199,105,165,1095.5115277554942,21.4640078775935,1049.4274636107998,4.634835624475867,4.016591105626156,97,166,1039.5084030430035,20.443619461541456,1004.1477764065389,4.521539329838478,1.7929743204352513,48,167,366.46802792547703,10.460639734400392,448.2435801088128,3.234325802719261,10.781335236271492,62,111,2098.366190173101,208.30996667560083,2695.333809067873,14.432962900048324,0
7.1730960716379,71,142,1726.2645675621648,96.09516223582364,1793.274017909475,9.802837870543362,5.641897754434343,70,137,1040.1051198624505,45.63239801043341,1410.4744386085856,6.762184389652233,4.367956798652153,111,155,1180.7398343204572,22.328855899099924,1091.989199663038,4.730369163791284,4.292897403132101,79,159,899.0353817472617,22.983571889978794,1073.2243507830253,4.794593268256099,1.3003275879673655,69,188,364.17154782548675,7.06191041831882,325.08189699184135,2.6574338127212425,7.809794399246781,66,129,1481.856863547922,129.83291613800495,1952.4485998116952,11.395980107496293,0
21.18776112251902,58,95,3994.7830403766593,887.890229326872,5296.940280629755,29.798328734874897,8.663363734065813,72,128,1732.6388877390698,138.71577848480086,2165.8409335164533,11.77783907112535,15.775756459175089,74,127,3719.951368035484,832.015847505679,3943.939114793772,28.844942318339957,10.74912917894039,58,117,1981.5124813965851,217.01910377259762,2687.2822947350974,14.736594124648084,3.633392294345189,90,155,925.0143602519922,32.8593865921226,908.3480735862972,5.733229415702734,11.169312192344856,54,117,1984.7201857442315,272.8732812122086,2792.328048086214,16.530285997613973,0
39.99293118305791,71,111,8939.153330977724,2711.6651575112105,9998.232795764477,52.09846484997112,15.000808818358186,66,108,3076.776336447675,395.84768166467205,3750.2022045895465,19.89629830776812,27.179738024929325,77,120,6659.304245232532,1334.6866390271764,6794.934506232331,36.536238002080076,17.03362981644991,49,95,3041.8590445747272,472.9371163365198,4258.407454112477,21.778794207550096,6.894041597312728,77,128,1507.4504024868854,90.88146312877991,1723.5103993281818,9.543877806170967,17.05651193406174,61,100,3205.5709368570315,640.4803931908089,4264.127983515435,25.31172800482609,4
88.2056376767063,56,93,15829.799116988492,14239.509708975786,22051.409419176576,119.33321379135272,27.057864548619882,66,103,5806.33943499423,1531.8889899679284,6764.466137154971,39.2156745507266,47.688373685537854,78,125,11927.492488477605,5345.957875471706,11922.093421384463,73.19196984138866,22.90499106387997,55,108,4465.806136948097,1073.0793653583855,5726.2477659699925,32.83529680252069,9.324048200904123,74,119,1974.147778883891,143.45508037513568,2331.0120502260306,11.980536877591543,22.250389976583193,55,107,3980.627118397855,913.2572858594984,5562.597494145798,30.267241987830182,4
140.42848989206757,59,100,27338.425367020198,37823.50555624851,35107.12247301689,194.5041421593087,51.415106122473766,63,104,10393.026432130948,5182.227791180211,12853.776530618441,72.00998611666267,68.25221095462646,68,116,16523.38677492634,9315.657100475539,17063.052738656617,96.5773688913093,34.73635733108745,74,108,7776.442100156172,1974.5717608884393,8684.089332771862,44.444036151538995,15.680310702724567,69,107,3099.076930560506,423.1064471355243,3920.077675681142,20.57396956514775,41.08005791348557,59,94,7452.079516573762,2875.2010060583925,10270.014478371391,53.62287335862386,4
179.38193155273015,58,91,35180.348418588066,52195.70792935513,44845.48288818254,228.71985298532604,65.00895292748912,65,102,13576.744616828963,6854.950470324317,16252.23823187228,82.85551708857746,90.2272168133145,79,115,22348.8488348865,15646.21057150083,22556.804203328626,125.08524936856429,49.19613501798089,66,110,10318.7245394491,4516.098772604473,12299.033754495224,67.2056289727763,19.780061361381083,66,106,3855.415430347349,660.8139737312033,4945.0153403452705,25.706487614225335,51.191240687612066,58,93,9913.725000166367,4775.839622519025,12797.810171903016,69.12018427376947,4
131.40356966310117,71,110,28286.517422776917,30395.27915117552,32850.89241577529,174.35191026868077,53.3132839374089,70,117,12089.453151422056,4835.561764222033,13328.320984352224,69.539337160938,83.86072017761902,88,119,22102.965620205145,14938.804326662646,20965.180044404755,122.23502878874797,48.15629063922955,66,110,9930.700421965015,4794.138750510063,12039.072659807389,69.2758046602946,22.863964697784287,52,113,4345.81421832621,894.542185558937,5715.991174446071,29.9114343870574,50.482845203927916,69,108,10058.847025198434,5295.127553392387,12620.711300981979,72.76829426999122,4
106.17207446918273,66,93,21489.651180801688,19174.347041476183,26543.018617295682,138.48124877945892,36.13399361887891,77,116,8350.603062828977,2315.004306343506,9033.498404719729,48.12335292851597,40.40334045177932,91,134,11361.298014134707,4448.7631426012,10100.835112944831,66.72378150372893,28.905901783499182,56,108,6184.024286336535,1838.9321971313605,7226.475445874796,42.92922290094214,16.107294749619992,52,112,2943.0131086311612,411.12880674591935,4026.8236874049985,20.276323321378936,54.047934069418254,54,87,9482.196079588291,4907.654779802531,13511.983517354563,70.10520523655775,4
36.713218491771094,67,98,7712.150454629207,2776.4371709171073,9178.304622942773,52.70565210843951,13.267294837254921,75,116,3131.259894465103,394.9375507639957,3316.8237093137304,19.873070842854123,23.109342016238415,85,124,5813.816649642388,1755.8639865108028,5777.335504059603,41.91805566248189,11.747162202889914,76,121,2743.8466103400306,325.72295388395037,2936.7905507224787,18.04779659683026,8.228326983446394,55,129,1402.7118854785776,130.63186010788252,2057.0817458615984,11.454590158715089,28.981410142963664,56,99,4551.461342948197,1675.4880575648094,7245.352535740916,41.09338674000282,4
14.794491171246584,70,131,3199.745085948127,577.0960794916322,3698.622792811646,24.027678605344796,7.2601641503988015,62,122,1313.2074371689305,96.67483779198676,1815.0410375997003,9.837746956696453,9.177842998049591,72,144,1715.2948469310377,245.23515658720305,2294.460749512398,15.71013989067037,8.957292895943777,63,152,1677.1519864175905,210.90824275103287,2239.323223985944,14.537445312820756,3.7800918097861915,49,128,725.9778729638226,39.72938218824856,945.0229524465478,6.306824061715845,16.76329488803257,43,97,2403.012186378393,690.7531110675001,4190.823722008142,26.28223414321698,0
10.12469877402859,66,125,1963.1557222378183,201.76712110008333,2531.1746935071474,14.204483877616449,5.8212536966836135,58,152,1061.222686540441,50.47292298642071,1455.3134241709033,7.107026197583337,4.038957848022253,89,172,966.2799364052124,21.111601496309653,1009.7394620055634,4.602779347428236,5.1778436705932345,93,161,1143.5978191123195,46.922651343475685,1294.4609176483086,6.890387826330338,1.9880477737993065,75,171,526.6940613594804,11.859157492020291,497.0119434498266,3.444066469680216,12.9563854789992,55,105,2346.4268464744823,316.19334552975874,3239.0963697498,17.782234652097003,0
5.710878882477039,82,150,1389.812298811587,56.514650271379246,1427.7197206192598,7.517929395114847,5.491238346421185,76,143,1046.4070335762367,44.64005473516168,1372.8095866052963,6.681687725154417,3.9780914990764593,101,167,1066.5819678004473,19.800085242862327,994.5228747691149,4.451315115909187,3.914073720776346,105,172,1116.009815091478,19.578176665101633,978.5184301940865,4.424827776307367,2.0662911847076537,74,155,514.903626868328,13.165942159999556,516.5727961769135,3.62901446751625,12.987307714322293,60,114,2366.849299804267,409.540289913796,3246.826928580573,20.23810033287978,0
5.999201245138493,68,144,1264.8251965307597,73.5034537126574,1499.8003112846231,8.577179164883718,5.319430505106208,72,140,1010.6906565692157,41.026890052390996,1329.857626276552,6.406598528114261,4.0992259472356345,90,162,1036.3328192311697,20.47128605443476,1024.8064868089086,4.524925536031019,4.243868926562558,78,173,991.3124446367962,22.02061745521369,1060.9672316406395,4.703023356060137,2.459330507362277,61,160,469.1298675308442,21.279333213337956,614.8326268405692,4.614219419993357,14.004545901293055,49,114,1902.9608619851133,525.6470012784506,3501.1364753232638,22.932147472058233,0
14.194371403803697,58,114,2858.7111680843827,341.19974511506155,3548.592850950924,18.47220549782242,7.4524935471588005,64,124,1383.9978552292819,92.27496673538172,1863.1233867897001,9.61468605445225,6.3708801129238655,83,147,1370.8612813297252,86.22270456198189,1592.7200282309664,9.301611450964952,6.494543372143758,68,146,1322.4681286853288,79.41369427545146,1623.6358430359394,8.911622163395013,4.123290430597849,67,151,883.6547192545933,51.52249778482779,1030.8226076494623,7.185559136098327,23.149472055060134,53,105,3422.2746344355337,1284.429447907804,5787.3680137650335,35.864589300016476,0
38.70956716502792,59,100,7355.066831364578,2829.1417755265225,9677.39179125698,53.209844495074655,14.931853669045239,73,113,3473.115325168679,405.8427572317285,3732.9634172613096,20.157534816727328,26.470864077427944,64,115,5737.789208163141,1835.686850681359,6617.716019356986,42.9312474649389,14.330365756698907,63,106,3084.689285639981,378.6247704290944,3582.5914391747265,19.46026338320716,7.778618628033663,65,122,1665.1555696262953,110.16432121312742,1944.6546570084158,10.497755617422593,23.314521849537453,50,97,4046.361150673487,979.2819790745419,5828.630462384363,31.30151566034957,4
72.69379935830229,66,99,14428.004644881465,9824.63468914851,18173.449839575573,99.25146358114178,23.50447707960121,64,107,4794.203782746698,1011.4847145406718,5876.119269900302,31.816634275813378,36.59228421265916,70,119,8609.375507265308,2770.5284504765505,9148.07105316479,52.79881548672495,25.427400466589468,59,100,4436.318566244003,1348.1858619545496,6356.850116647367,36.76944655166923,9.360273988267272,71,115,1959.5406578559018,149.40503290442078,2340.068497066818,12.241722276369618,25.683558787110385,64,97,4623.55867313162,1325.4882049851506,6420.889696777596,36.40762782491764,4
100.2388749034738,65,89,19434.81113856977,18004.93127528821,25059.71872586845,134.1890279095248,37.46523686553305,67,105,7760.462712700517,2435.001246751826,9366.309216383263,49.350075806119754,44.59509257164058,83,116,11472.36257297677,3677.191080565113,11148.773142910144,60.67961827910545,28.706498048279578,70,105,6020.563901234994,1376.6286517405326,7176.624512069894,37.16735811910642,11.103461916389971,70,115,2470.8895359446474,222.21681207901455,2775.865479097493,14.910157412209617,31.652971306759717,66,87,5780.1565192618855,1774.449699373845,7913.24282668993,42.132380178756264,4
165.60778458310176,52,97,30172.024366162314,46830.162923034964,41401.94614577544,216.4132393619206,55.01186869531119,71,112,12263.729276757043,5283.976408647009,13752.967173827798,72.69176589876744,85.30501279308298,82,117,21358.191940788114,13925.921661997985,21326.253198270744,118.00816763348136,42.13321754994235,67,109,8749.672604944497,3373.2467582536738,10533.304387485588,58.10077388026166,21.225694086170623,57,115,4178.707316727221,767.066146585744,5306.423521542656,27.71959901209392,39.22027047566896,58,98,8024.071229571697,2551.932772433421,9805.06761891724,50.51877708097854,4
174.20096529938976,69,98,35123.970566458345,52226.4482191407,43550.24132484744,228.55517033886116,59.026341387088436,71,116,12738.428750169944,5804.875215330289,14756.58534677211,76.19831968564318,61.63490118070569,84,113,16163.974723608871,6975.64911400886,15408.725295176422,83.52376488861916,40.97769478452773,70,109,9110.241143074716,2845.7758815544803,10244.423696131931,53.369188008682336,22.040442826200902,66,101,4301.585109272008,819.0011836109345,5510.110706550226,28.658779249397234,53.46216548737587,64,95,9976.022922664055,4933.722412866404,13365.541371843967,70.25632351142144,4
128.1258056810607,63,107,26774.538837886277,28439.420703748034,32031.451420265177,168.64881130368505,64.75883173456539,74,101,14153.834341217702,7732.601974637043,16189.707933641348,87.93587774383766,61.03713637844639,89,114,16244.182178314251,7066.019896478363,15259.284094611598,84.0664146330138,36.98383313304886,63,105,7043.2620661797755,2523.2189375401044,9245.958283262215,50.232071183929385,20.801911925298164,62,103,4062.44428213991,766.9999868555869,5200.477981324541,27.703353556393306,56.16531218877481,63,91,10351.45637882525,7504.866824008714,14041.328047193703,86.63196292448495,4
85.92364108720133,69,120,18258.70252682655,13183.138029306732,21480.910271800334,114.93632711002108,38.57568779887496,66,109,8222.575618477402,2794.2985515147025,9643.92194971874,52.861142748556354,37.83584586130687,72,112,10055.060648103228,3142.262146413943,9458.961465326718,56.056946382782094,21.57381566056343,71,119,4729.563657645511,844.8651845474326,5393.453915140857,29.068386685712927,15.669571645806801,61,97,2944.4468196682437,420.71538636728627,3917.3929114517005,20.51218873217458,55.81862919627812,45,68,8646.611400376385,4864.705942908044,13954.65729906953,69.76121124450984,4
61.42064343547285,59,88,10962.233774858705,7272.813462606571,15355.160858868212,85.35825355215765,19.578581786884143,62,109,4053.765597892531,652.088357022154,4894.645446721036,25.542207644271507,26.47757896330217,77,135,7116.774607477457,1777.9892489809245,6619.394740825543,42.16947365780657,14.415339983882253,48,109,2425.81485374125,423.61527582608494,3603.8349959705633,20.590155394793857,9.017369728418648,66,125,1799.3539913295533,167.91738840955108,2254.3424321046623,12.958305563227082,33.66315556542974,52,89,5747.835515691651,2384.4633472447026,8415.788891357435,48.83341612211194,4
27.79690634218338,53,103,5319.6420132788435,2127.4471213907973,6949.226585545845,46.2723356451204,9.378517694111528,68,113,1932.8401176974767,146.5249081834401,2344.629423527882,12.105509599723772,8.083967401776986,70,144,1966.109087295375,165.2273021630929,2020.9918504442467,12.856326478991933,7.391762583131038,70,142,1636.3786808720824,99.87047030686561,1847.9406457827595,9.993648626346195,5.785323993147521,55,143,1118.3381437738387,83.13392105025777,1446.3309982868802,9.121460366712144,26.51076618214873,51,84,4140.505562627919,1506.5445085391884,6627.691545537182,38.82529924583886,4
13.252920821279218,58,124,2556.432022183979,490.02290949880654,3313.2302053198046,22.195374661083257,6.649329401760316,72,146,1298.282024163591,78.82106744346002,1662.3323504400792,8.878899328051132,5.8759375462643035,80,160,1528.1110222845205,82.19480276680683,1468.984386566076,9.066734669913492,5.56053019605163,86,160,1325.1380125777712,91.82595590325538,1390.1325490129075,9.58261526368575,2.3663150519394147,108,175,634.8464889263582,14.932605579910078,591.5787629848537,3.864345245379041,11.730947237593329,63,109,2088.7297225145494,262.13955610395936,2932.7368093983323,16.19125175430239,0
7.868888388529058,72,131,1658.659784548031,106.74668551261695,1967.2220971322645,10.335534439057106,6.0568753420970864,51,131,1122.1744381738092,55.87870012122406,1514.2188355242715,7.476926037005293,4.009464709147762,85,166,985.269293893357,21.232890782626047,1002.3661772869406,4.61653066085743,4.122864395872253,92,169,1088.9257557415024,21.10933571393691,1030.7160989680633,4.599361398501571,1.9954464395937213,68,161,507.9620845542479,13.669419203090168,498.8616098984303,3.698185053031803,9.682593682295526,60,125,1838.0983903693318,212.92543367093788,2420.6484205738816,14.592553258008653,0
7.038270024604896,84,147,1559.146187934888,134.00200849876157,1759.5675061512238,11.58975270241562,5.445710067328597,64,142,979.267455240702,41.775543065121816,1361.4275168321492,6.467810464973308,4.132176121190463,92,156,1040.9338593982716,20.79015256454803,1033.0440302976158,4.561720632002626,3.7311550904893545,88,162,1031.6791214483883,18.294708191890543,932.7887726223386,4.277352492236086,2.004048936203459,45,162,398.99559750326137,13.294984570074853,501.0122340508647,3.6467907086700033,10.827118339646809,48,126,1848.235274806863,375.53138762355775,2706.7795849117024,19.379865338611772,0
14.415052248340286,61,121,2503.120293895445,561.7896537676276,3603.7630620850714,23.783925400277973,10.174493564871211,68,141,1808.9688898461084,306.5144666960914,2543.6233912178027,17.569081185226995,6.2875337938991995,84,165,1397.5143050886277,141.11267804241643,1571.8834484748,11.917433501480254,4.466107958970173,91,164,1087.7722206085741,40.37365149534206,1116.5269897425433,6.383419338725537,2.222447214374511,63,152,538.6033337889841,18.573958573053208,555.6118035936278,4.318003743759178,14.164029442445326,54,99,2402.909291676483,451.43583030180304,3541.0073606113315,21.28248085513659,0
35.10609795733016,56,99,6502.062968233934,2063.3016989978582,8776.52448933254,45.520469981099836,16.03635432575276,68,118,3182.0422478574696,491.648659467492,4009.0885814381904,22.199263597845256,24.256629714892966,63,104,5267.93981367826,1194.908610595684,6064.1574287232415,34.62877618021744,12.460950715838084,59,121,2402.3546644703792,311.80821559724615,3115.237678959521,17.66519371859079,5.854990690786548,65,135,1170.0173115388993,63.01236303095279,1463.747672696637,7.938521835177334,15.615288458354534,64,98,2961.383031119716,512.4446376738599,3903.8221145886337,22.638885455802228,4
51.956109341487874,63,98,9767.775292939466,4558.929979002888,12989.027335371968,67.52792444582869,20.39915356675251,76,107,4460.827731166068,730.6157477632773,5099.788391688127,27.030331376132164,26.709012768386245,78,117,6672.838713927149,1532.5754364326654,6677.253192096561,39.14814472365437,18.085557259448645,61,98,3424.4603229960267,678.989697471681,4521.389314862161,26.085158941797694,7.882758352045649,62,123,1567.7399209014056,106.39790037988377,1970.689588011412,10.316124978433356,20.841381068634067,54,95,3529.6217889234617,1074.2344792918284,5210.345267158516,32.775553428272396,4
62.28798388865753,68,96,12621.314210955456,6551.0716043638895,15571.995972164383,80.94615928236955,29.227712144287327,74,118,6794.815142001107,1479.5354568283024,7306.928036071832,38.46485133042985,38.14849751944884,82,110,9411.299128909772,2809.640903604776,9537.124379862209,53.03062828390317,24.254955309362686,65,113,5007.775622358443,1042.5841768825403,6063.738827340671,32.31220407380132,9.253903361785182,73,116,1934.91711584309,150.21733537620577,2313.4758404462955,12.256733933954843,23.347687558621512,63,98,4505.185738083852,1170.9460689258328,5836.921889655378,34.22210271792818,4
121.46557268492715,67,87,24616.536633628217,25748.778047949185,30366.39317123179,160.4700122644598,62.978415666581355,68,100,12825.022856535707,6478.09277387814,15744.60391664534,80.6038880514775,60.79071286144393,80,107,14890.658526953135,7025.97971948129,15197.678215360982,83.87935558236366,37.55058833058425,71,111,8168.778509777114,2717.8782553609235,9387.647082646063,52.14588116339036,14.684122519979177,85,105,3367.1836245174145,379.75984762133913,3671.0306299947943,19.492083328240163,36.54039430133318,59,87,6791.994322408822,2120.605240404282,9135.098575333295,46.05387848043645,4
195.6305898461012,63,100,36693.396503566575,69165.90227659044,48907.6474615253,262.99982711506794,85.37683909551811,65,105,18490.5928265701,11894.58320093551,21344.209773879527,109.16268169566979,64.50276416853703,77,107,16103.925884115142,7988.569444295494,16125.691042134258,89.42831461901307,41.66748717622648,73,104,8225.038490829236,3255.8626174082556,10416.87179405662,57.0602507420859,23.372550457826232,62,101,4561.491280026495,955.975231078211,5843.137614456558,30.923784159913215,59.181572551589916,53,106,10364.839609171824,6059.396585153255,14795.39313789748,77.86728506418507,4
150.32389126943278,73,109,32786.383680376144,37071.650583851144,37580.9728173582,192.55395709882598,62.125230858739144,82,114,14944.544521688562,6404.421814426374,15531.307714684786,80.03555852745411,43.035329556096556,74,118,10676.803437631483,4186.853323964735,10758.832389024139,64.70814084135583,29.054773934764366,79,97,6741.230296568177,1582.6698686224029,7263.693483691091,39.7850295620562,23.66241395889327,60,106,4630.673959152151,992.0062803019989,5915.603489723318,31.503363676946247,64.25885609366605,49,95,10936.784176044166,7502.790332336972,16064.714023416513,86.61973338263014,4
134.58184400476134,78,111,27957.000563758575,34290.969706655495,33645.461001190335,185.20006159571486,58.21653169685437,77,115,13793.89322290409,5399.560806965775,14554.132924213593,73.48469647774034,47.32410862541581,75,120,11418.351286632576,5626.638659373894,11831.027156353952,75.01108104009539,32.846544557663975,69,95,6948.056832414813,2376.18254358182,8211.636139415994,48.74901128802764,20.431449522161213,72,103,4226.109070514947,803.9149033807599,5107.862380540303,28.355973001470897,55.98510339258954,55,89,9706.361398791569,5986.69079462029,13996.275848147385,77.37807571659465,4
79.82844729831513,70,92,16761.631693788728,11368.37350352953,19957.11182457878,106.62320371054786,29.568272296747246,75,110,6134.33683916293,2177.2609705263135,7392.068074186812,46.777499885058674,17.022881420323852,81,123,4760.826852429713,828.8071996893508,4255.720355080963,28.789034647969363,16.998725853104837,71,111,3857.3043645108182,652.5096266904305,4249.681463276209,25.544783181389583,12.179532326591703,68,107,2412.9488327085855,283.90041543864044,3044.883081647926,16.850424292675065,40.37693053904049,56,89,7091.451830923504,3809.875420481955,10094.232634760121,61.734437615930254,4
26.17745471032767,64,94,5271.50485753052,1699.6218520901166,6544.363677581918,41.227268017018815,9.200588078015995,58,116,1922.989047587262,147.9820485448728,2300.1470195039988,12.193795971249601,7.596035722811576,64,150,1796.991405018378,127.77335185382846,1899.0089307028938,11.30850251785436,7.747942124537372,65,147,1633.3027066079478,111.53382351836837,1936.9855311343429,10.561073484880731,4.486558007182537,72,145,988.8551153790852,45.962430803506,1121.6395017956343,6.779722804963568,16.685893992477066,54,89,2808.3701386848707,521.3101626635228,4171.473498119267,22.832232603191333,4
14.790248730960984,64,104,3131.911234158977,501.8993889558611,3697.562182740246,22.40876098430683,6.237226712567135,70,134,1135.9698620755664,59.69625787531014,1559.3066781417838,7.726924074207424,3.3965804821411023,88,177,941.263759231084,17.055516193982722,849.1451205352756,4.13369408375922,4.692642082148312,104,155,1178.5683143982524,39.27671024135907,1173.1605205370781,6.2837047848299195,2.9630245485439817,75,167,777.0617695673266,23.69497577995015,740.7561371359955,4.869708409995328,16.318998991926172,66,113,3056.6645483708303,502.62440903600066,4079.749747981543,22.41974502963782,0
9.39671557174549,72,133,1945.4333530190481,245.0579990370501,2349.1788929363724,15.655046458613585,6.058692287384582,64,138,1023.2782715227427,54.542696057930634,1514.6730718461454,7.386222783253148,3.7693199282540695,98,163,1057.5331854342614,18.626241003846154,942.3299820635174,4.316306351513754,3.99688481429319,103,175,1101.8501989044535,20.030634837180664,999.2212035732974,4.480342554088191,1.7515052284503827,82,166,529.8948037626394,9.180382515772493,437.87630711259567,3.033883746711912,10.07032496471132,70,103,2066.321461451384,213.99487635382926,2517.58124117783,14.631840946037013,0
7.576794826342471,82,141,1642.395123260689,110.64782284265023,1894.1987065856179,10.520544668368355,5.097064777001816,66,146,857.6425819020241,38.5701427951234,1274.266194250454,6.210569381828123,3.9985169885846057,107,159,1157.1449354264332,20.22354255608043,999.6292471461514,4.499567122242909,3.7956392950145155,110,169,1148.538264137329,19.457928091019753,948.9098237536289,4.411678667126958,2.0776471625092627,71,164,500.4947237175698,14.515714243702096,519.4117906273157,3.811225719883741,13.664992660888798,68,112,2430.586874746312,355.4318864955697,3416.2481652221995,18.853047028993114,0
9.064737333348459,68,131,1846.210506000043,176.24205584624036,2266.184333337115,13.27867318166947,5.268309163495558,62,132,856.3907991298968,38.23631538643993,1317.0772908738895,6.183559860756584,3.9221378080883285,92,168,1055.3398321085558,20.171990660481114,980.5344520220821,4.4917149696027066,4.577653512361088,98,161,1209.890835564108,31.157101953991326,1144.413378090272,5.582334635279914,2.1642211853835995,42,133,430.5731207121561,17.33982882128292,541.0552963458999,4.164458998213572,9.967010964637884,54,141,1590.2238398626373,259.5881210977761,2491.752741159471,16.111835426774096,0
13.528704924909368,58,111,2564.9592448138046,381.0578231744307,3382.176231227342,19.599509975057025,6.102363308182633,74,145,1120.483346459441,67.57330129353144,1525.5908270456582,8.233116235911627,6.806659557919468,84,147,1511.6415863304305,121.21498542186323,1701.664889479867,11.035450294285695,4.7296307273817915,73,161,1027.1734701830937,38.75647393774712,1182.4076818454478,6.22656859281284,2.4556939310452517,65,163,568.8406894605369,15.390876422296676,613.9234827613129,3.928289104630192,10.109605592683282,49,120,1707.9618641318607,192.87047270395158,2527.4013981708204,13.900466998594302,0
28.152084097744897,57,88,5103.796535177588,1364.0649468913384,7038.021024436224,36.99623783042489,8.296738418346905,72,125,1662.0885958160684,115.00198720988058,2074.1846045867264,10.742901487480609,11.718963961580808,82,126,2683.6072912944737,359.1905547665017,2929.740990395202,18.956656372798225,8.68423258936504,71,134,1810.7807137219938,158.0628313192814,2171.05814734126,12.582126882104893,4.004036441645444,59,156,858.0638929750193,34.48504996553762,1001.009110411361,5.880055999414037,8.69656250001851,62,116,1484.9474501993413,136.16609691958462,2174.1406250046275,11.701284925989658,0
43.35722851052949,70,99,9049.880782255144,2992.2213703017633,10839.307127632372,54.75647033356556,19.57884636265786,73,106,4093.771751900259,718.4187609927519,4894.711590664465,26.805607547760538,24.978410342690616,77,109,6102.710376752653,1266.4099245275634,6244.602585672654,35.586705617766604,15.076352722844765,61,100,2978.326733282829,478.95752233120277,3769.0881807111914,21.889642379014372,6.302517748737905,78,128,1407.3214061649912,75.32529313497484,1575.6294371844763,8.68187518707527,12.337470496727645,68,122,2569.1708822216433,257.6919974734467,3084.367624181911,16.063306967669675,4
99.82156203946556,64,100,20135.15880408347,17195.218433340513,24955.39050986639,131.15408351123767,49.61067266304146,64,108,10176.421617446902,3967.7722948510655,12402.668165760366,62.99757234284444,48.74356893896847,79,112,12258.567559485027,4764.90857595947,12185.892234742118,69.03004209245593,31.14200610406091,61,97,6171.932905122331,1767.8303660388633,7785.501526015228,42.05463908124174,14.176102854060973,70,98,2873.5887263104833,321.7584573486839,3544.0257135152433,17.94207155364858,28.81228929728662,63,101,5718.290250263978,1333.7935754312555,7203.072324321654,36.54479260889429,4
148.42984755047615,60,88,28148.21764845565,39212.909234815605,37107.461887619036,198.02356411345528,53.90927235413946,69,91,11758.673055492734,4484.016282470897,13477.318088534865,66.9664928604193,54.343168123493555,79,114,13532.655762039456,5220.699133608348,13585.792030873388,72.27428620529216,36.27831762054759,68,109,7353.667168016135,2553.9524640047425,9069.579405136898,50.53784726944869,17.564318289784392,59,112,3373.5987570562356,491.24887695575325,4391.079572446098,22.193458441687426,41.01149540178989,61,98,8415.171793172534,3166.995193285069,10252.873850447471,56.320175405474096,4
113.90145388414952,66,89,23417.635578207308,22977.45548520259,28475.36347103738,151.68253504881733,41.67259970589722,80,103,9876.55599532853,2712.5289191304523,10418.149926474305,52.114958184419464,46.42195011946749,85,120,12755.394868245477,4621.577218347075,11605.487529866872,67.98294159521738,31.341313826453526,71,108,6369.556368962862,2231.910202479067,7835.328456613382,47.24434160446965,15.135583783076429,61,104,2760.1322066163834,407.9391945489868,3783.895945769107,20.198059937856794,38.506970069917045,58,95,7260.7133932101115,2875.9868268752725,9626.74251747926,53.631760333982875,4
57.4846813813988,73,97,12323.812623426484,6185.00286329128,14371.1703453497,78.69888923320454,23.491190903495617,80,110,5656.0093881965695,1099.787616268326,5872.797725873905,33.165753782547476,21.64058086078821,68,114,5036.098598310846,1101.4996253648953,5410.1452151970525,33.1907830053751,18.165093391858033,66,116,3747.221182624752,824.9024138048245,4541.2733479645085,28.72156347946292,9.019258921339523,68,132,1891.6941800291672,155.06491776780737,2254.8147303348806,12.452708930087118,24.02665311903744,52,95,4467.7173076329545,1101.119007440864,6006.66327975936,33.19451395087538,4
42.11776436340485,62,102,7591.168290918922,4269.348887789101,10529.441090851213,65.55379201732231,16.106261028394382,68,103,2995.3579983947316,525.4547918765815,4026.5652570985953,22.937768405776882,17.19273532423914,79,134,4220.480573572275,807.1067180063968,4298.183831059785,28.45625845041087,11.075980681791497,63,134,2329.0693013196455,270.79676019909107,2768.9951704478744,16.45851680050253,5.9264957675403895,76,144,1357.271083007498,71.57018999316324,1481.6239418850973,8.462969203969255,21.012795270439252,49,99,3536.697299842738,769.4243006868953,5253.198817609813,27.766516822226382,4
15.177702645069807,63,116,3287.5940726338345,555.5188119905483,3794.4256612674517,23.569456483882977,7.040089220069879,68,144,1489.1544721979863,81.48876265851422,1760.0223050174698,9.027949976641999,13.50486341078005,67,134,2645.916984513694,512.3638813065124,3376.2158526950125,22.739937844256865,8.513831209140704,69,129,1865.9482041328456,149.161301434699,2128.457802285176,12.221346093837125,3.292250177267531,100,165,927.2517373120427,26.234477360607507,823.0625443168827,5.122588766015157,14.570694767200493,50,105,2348.471584185887,419.0055743666114,3642.6736918001234,20.470277472977973,4
12.8543159084809,71,121,2665.595966897792,408.36922231062545,3213.5789771202253,20.215733429415202,7.326680216625167,54,130,1175.95985736365,94.8361867025355,1831.6700541562918,9.740096042837349,5.468179068426032,83,159,1241.1528621472123,54.52304031958519,1367.044767106508,7.387354911891367,8.791988187545249,66,142,1779.5637403263263,180.89927853371853,2197.997046886312,13.471900181330419,2.8652784604590034,70,147,658.895102854779,23.32846318926844,716.3196151147508,4.834455840973709,15.621752509281206,46,98,2392.0977193138724,599.1908419079843,3905.4381273203016,24.47844239751936,0
11.294626194865657,62,114,2194.340775031069,210.0850218129696,2823.6565487164144,14.496837865892232,5.7175735036801445,58,130,1014.4692843810417,49.727514560876614,1429.393375920036,7.053620641072143,4.6815684828415245,100,163,1235.717889874656,36.163319448538985,1170.392120710381,6.013805505980878,6.768673896125299,80,145,1444.1812243464249,87.09563160718255,1692.1684740313246,9.332895701144214,2.126090735288283,85,171,546.5570371584174,15.344623470324894,531.5226838220708,3.9173411436048164,11.226499018154234,71,119,2129.612205156952,288.08939401583666,2806.6247545385586,16.97320376101941,0
9.69207265669624,62,131,1961.3743237873653,203.345896584766,2423.01816417406,14.26050591279948,5.89902802608322,60,128,1003.3821770436523,52.47970071666807,1474.7570065208051,7.244290797115113,4.23625030342182,100,155,1114.0720854006413,21.79003057905193,1059.062575855455,4.6679898290286586,5.812346074393458,87,152,1365.6971199134523,51.04693041100458,1453.0865185983646,7.146357468266215,2.451908567616093,75,164,569.834881288385,17.73275803087142,612.9771419040233,4.211053342231553,13.077331183153214,48,112,2115.930600846472,365.9282230917685,3269.3327957883034,19.129294709370406,0
9.829618685892413,64,110,1978.2874535853043,189.01856639954818,2457.4046714731035,13.748476449747098,5.838960895629612,58,137,1002.9664756513719,48.400614263843686,1459.740223907403,6.957704885904876,4.40770929070427,93,159,1038.9899495512059,22.750978325369488,1101.9273226760674,4.771351127985727,5.3653219370949445,67,162,1156.9473915224085,49.43370499441427,1341.3304842737361,7.031293678182706,2.5281525155965974,78,164,692.0481465787791,18.74767376033707,632.0381288991493,4.330021288856624,11.798561847769175,57,115,2062.09364201978,239.25727583677153,2949.6404619422938,15.469144234383576,0
15.727655664189285,64,112,3243.1152712913317,452.0191397833769,3931.9139160473214,21.261241759057746,6.126682049018104,58,136,1187.7849557375662,56.87968709463539,1531.670512254526,7.54237653408542,5.3752997506961755,95,148,1318.0815470093655,53.00588697512048,1343.824937674044,7.280883998059301,6.491229858656223,72,148,1361.916936680598,72.51187399241155,1622.8074646640557,8.517496912443566,2.447746574062678,108,172,701.957754378822,15.696044394830812,611.9366435156694,3.9634034015000386,12.305900629412626,46,103,2187.8849747854333,262.83060827415835,3076.4751573531566,16.213861070690132,0
35.31923987166037,55,96,6579.2652332853795,2424.3731048899576,8829.809967915093,49.23792436781199,10.943237608509676,75,122,2357.8924500651524,198.3622851657808,2735.809402127419,14.086044245056586,16.760231953561604,80,116,3870.4217921254785,629.2877246813167,4190.057988390401,25.085740535661092,11.410437404237632,72,119,2495.8196495252323,236.19943832972274,2852.609351059408,15.373438975708822,5.3624359296841035,102,149,1291.6081947093612,60.353418947194506,1340.608982421026,7.768746294406427,15.219348425090466,59,120,2468.1677491565088,595.832172002229,3804.8371062726164,24.41005800133832,4
57.93584426444118,65,104,10719.08125375223,6890.9461382589625,14483.961066110294,83.33904058575659,21.757834524936218,71,120,4938.944332756366,804.7007564124956,5439.458631234054,28.42847357739569,24.62780852851161,88,105,6190.314048018852,1200.6958427587408,6156.952132127903,34.65457915329979,19.853854758506124,53,97,3737.6869688412285,658.8044449372591,4963.463689626531,25.67014379720855,8.434946063705338,69,118,1916.8093286408362,131.36576167048483,2108.7365159263345,11.466913799012795,22.525474461298877,56,95,4120.84612368552,978.1652518651024,5631.368615324719,31.329058412038584,4
127.13875512594113,63,80,22968.565116816262,28141.57071597321,31784.68878148528,167.78278864423294,39.63104002093721,69,110,8656.37071514568,2526.9118148175353,9907.760005234304,50.288772174000115,59.454098435062875,86,113,14534.504221264498,7067.390736625881,14863.524608765718,84.12403370611874,40.47879448806108,66,95,8588.030309507249,3024.4693890403773,10119.698622015268,55.01369867444355,17.97935917894832,67,108,3942.87154092098,559.2878369706132,4494.83979473708,23.65195887283426,58.76614954788052,59,84,9479.16040559128,7368.546737563123,14691.537386970129,85.84138908962059,4
132.0859017810591,68,97,28666.477603987416,33401.373400850745,33021.475445264776,182.96661554340363,43.44483659985254,70,112,9505.360652974792,3089.2774128732767,10861.209149963135,55.627616821518004,51.955815044793084,77,124,13430.614136420065,4981.864972218137,12988.95376119827,70.58649183421821,44.106779092866915,65,105,9487.716819262965,3531.6469077807446,11026.694773216728,59.440279030289275,22.320823410820072,75,104,4769.987716255882,956.3689209908359,5580.205852705018,30.929711901617978,46.315410483730695,51,94,8741.690981851825,4181.554043565535,11578.852620932674,64.66521019775888,4
126.64664160447428,74,101,24771.529374592035,37671.77626082907,31661.66040111857,194.4501917018987,44.48885990467307,71,115,9871.995105091903,3530.977526150598,11122.214976168267,59.47005370038296,54.30265268504834,85,127,13890.414371588315,6049.141666583243,13575.663171262086,77.7781153828699,46.38098606062298,78,105,10683.337959163062,3890.257584895695,11595.246515155744,62.38211936343806,18.738625071711162,66,104,4213.206906765956,672.4871414509068,4684.65626792779,25.932515054716166,42.89279202517496,57,94,8147.785941370636,3080.2304407883616,10723.19800629374,55.50267727927142,4
99.78156648240788,53,92,19175.658522660535,18168.349493388094,24945.39162060197,134.79077084967122,36.38117885916913,73,102,7643.22664469657,2388.0136155685036,9095.294714792282,48.86733101127811,44.02908153317794,75,107,10914.194121153849,3855.399348290334,11007.270383294484,62.09905341771635,39.995922245449705,72,106,9191.256348265786,3179.3491130217476,9998.980561362427,56.385740799450375,17.950997597032977,60,111,3708.461609461301,635.8921986733885,4487.749399258244,25.222139887042612,52.83753305068876,43,82,8991.057708720635,6414.485368827759,13209.38326267219,80.09061253356609,4
33.685187953190145,61,97,6765.351469601284,2197.9438502235867,8421.296988297536,46.88630538601292,12.275448880382136,72,121,2731.5744190007254,317.87172167395124,3068.862220095534,17.832310065819456,17.782657660384814,84,132,4658.6391643496845,1084.3680778463035,4445.664415096204,32.93117736811667,19.50848705033267,72,112,4127.994301400929,871.6006978554808,4877.121762583167,29.529062214531812,8.611456875213666,64,124,1775.5047442501125,167.78141388328766,2152.8642188034164,12.953536873265191,22.843704680172735,51,88,3725.1827939092127,1225.6472903040142,5710.926170043183,35.012816171584156,4
19.691342764276722,54,98,4078.6147061141705,876.8720509486878,4922.835691069181,29.61205685200948,7.232056286139726,66,126,1347.3768236378783,90.06293264895653,1808.0140715349316,9.496855182276034,6.251145018955612,87,140,1499.9669182261266,103.80337458597742,1562.7862547389032,10.190347730414363,10.790935391195381,86,138,2460.251931856909,306.9379518386485,2697.733847798845,17.522835020477572,5.845920319160932,62,130,1182.581636971075,83.05577808313244,1461.480079790233,9.11367941821539,18.8670579595012,49,95,2952.9144078569593,906.3943838116907,4716.7644898753,30.107715457097992,4
13.099327586271347,65,122,2663.7527784292984,388.62481384354453,3274.831896567837,19.713677647280576,6.920612232820593,68,129,1234.4665029990833,74.93696267793086,1730.1530582051482,8.658912960715035,4.709706396164257,97,156,1173.0728274188784,36.46890444696793,1177.4265990410643,6.0393102096309885,8.929780708758194,65,142,1939.693756131896,175.38272540899288,2232.4451771895488,13.243360445682457,3.964058486918696,65,148,848.7848010827421,38.556989575131134,991.014621729674,6.210924978036351,12.854430948225444,51,115,2017.419494981129,468.8819454960177,3213.6077370563607,21.669129232334388,0
10.920825011230622,78,130,2266.083603642995,269.46431709193615,2730.206252807656,16.428484421266376,6.636869892546964,54,140,1162.0497517068823,71.30345439912452,1659.217473136741,8.444210250185105,3.9451785335701324,93,164,1039.429047046355,19.95817464593768,986.2946333925331,4.470821441182047,5.960154817636754,76,146,1302.373510367594,63.00655524261862,1490.0387044091885,7.939021525319278,2.1327746792246547,90,181,563.6620359056657,15.52610999435831,533.1936698061637,3.944357596113128,7.56813392340004,61,122,1462.57983830924,103.88021243409933,1892.0334808500102,10.216253353982523,0
8.283625608023456,64,127,1631.854961147108,117.58129561836947,2070.906402005864,10.843523541345663,5.019369446054292,62,148,906.3806714812406,36.683893443725275,1254.842361513573,6.056822900202502,4.0276355707686164,116,165,1225.6393890304275,20.26269146938691,1006.9088926921542,4.502291735389392,4.603326868062399,93,162,1117.8161172348925,27.859449295452666,1150.8317170155997,5.279623969164337,1.4789863847019793,89,161,463.07330725079447,7.390987761945514,369.7465961754948,2.718993117496077,8.012289772702522,59,109,1520.4804895625298,123.57755802549896,2003.0724431756303,11.120652607579373,0
7.889256502543108,75,132,1696.5428015724888,144.82449140300486,1972.314125635777,12.034320244694758,5.521354348481382,56,138,938.011586052759,44.229033962286906,1380.3385871203454,6.654119332877476,3.966927510800195,98,167,1077.9093388204888,19.516573939422543,991.7318777000488,4.417777502244707,3.9835085500605607,92,162,1003.3724443786443,19.95974805989665,995.8771375151401,4.467758826103956,1.1366508815202714,73,195,358.02958953673567,5.468164556459129,284.16272038006787,2.3384111167042256,8.52499426296368,67,133,1620.290082397506,131.84788452920935,2131.24856574092,11.483016726944625,0
8.157196958128925,80,143,1658.5051231732295,158.4609053473629,2039.2992395322312,12.590331301324545,5.499605083723768,58,146,907.7832071140574,42.53652392015195,1374.901270930942,6.5230154242160046,4.112869526984605,95,158,1101.53072444489,21.460987520737962,1028.2173817461512,4.633223539851389,4.264956373957171,91,168,1070.923393290669,22.26891800863281,1066.2390934892926,4.720398230272241,1.5402485467553744,55,163,373.0021601698606,11.326470832599853,385.06213668884357,3.365531562495453,8.567737796116171,61,124,1543.5245818292442,179.39068029817057,2141.9344490290428,13.395302173524637,0
15.787907738144048,61,103,3111.133059503932,550.3825741108911,3946.976934536012,23.460369427609614,5.897524148224941,67,150,1131.141128338545,57.043044678787425,1474.3810370562353,7.556520825150375,6.013998329668374,93,160,1426.0987394494039,91.08296361430534,1503.4995824170935,9.54374754317195,6.6436130154632345,67,130,1338.399742988955,70.50802684967469,1660.9032538658087,8.397121588242287,2.3447669787981686,64,186,618.8151786822855,16.953753180475623,586.1917446995421,4.118537138370574,8.290077815026034,71,124,1603.129213953454,158.0816914755312,2072.5194537565085,12.57312009876903,0
32.36345697565579,60,88,6258.287279698479,1750.0729203244282,8090.864243913947,41.841203733995904,9.086833999432793,66,117,1813.064420515457,140.41208240268858,2271.708499858198,11.84972340350619,12.223440730585658,78,129,2800.710574337647,331.02959795945435,3055.8601826464146,18.194230427423168,14.650923623180152,54,106,2831.249806925777,357.94584281292293,3662.730905795038,18.941192667994592,5.429453544217736,66,144,1220.8652600277837,63.6428613738505,1357.3633860544342,7.978429006812613,12.766972361589753,62,114,2403.6346635819073,269.1994462260988,3191.743090397438,16.413767179956125,4
65.83644149857908,66,101,13449.66186083169,8128.670792879929,16459.11037464477,90.26995718329944,21.460580597321794,60,106,4733.830313586223,843.1037579039263,5365.1451493304485,29.038633483292443,22.174502656546693,69,97,5041.042121245882,1059.2972471657145,5543.625664136674,32.54697997301373,31.386532803667475,65,92,6436.348710699865,1748.142194752302,7846.633200916869,41.811876394629834,11.435246709964922,73,111,2450.180696439923,269.7869188769712,2858.8116774912305,16.427004199042784,20.062039581385772,74,108,4500.703036640047,714.9712999936727,5015.509895346443,26.743397868598002,4
136.39179390506396,71,99,26970.65287125375,31248.681887177816,34097.94847626599,177.05898581292652,49.23932888834576,62,96,9833.43310942594,4080.375686072944,12309.83222208644,63.918451638495554,45.30936924837331,77,114,11309.13845369728,4471.813671473578,11327.342312093328,66.92003125002078,43.93955276010596,64,95,9432.542449342429,2975.531708182057,10984.88819002649,54.55314236988977,17.832760035297476,74,106,4196.868981749576,537.0857683909966,4458.190008824369,23.175481735220508,39.446079428969114,74,102,8205.112797369587,2477.3972379770307,9861.519857242278,49.8143540126128,4
129.15558632106357,67,99,25559.66462003582,31099.057627886432,32288.896580265893,176.52741617018802,46.018032642586505,64,100,8995.65377159783,3964.0561466594213,11504.508160646626,63.051072257602826,46.96514674017689,92,120,12374.713790259277,5043.454105782421,11741.286685044222,71.01911344222,49.48940122756776,73,103,9855.10078337157,4847.553329911099,12372.35030689194,69.6366589899829,20.718439604197915,73,108,4069.895083156018,781.5129232103747,5179.609901049479,27.98504949468871,44.73550823076807,63,93,8427.63728668442,3346.0787785514312,11183.877057692018,57.92126754828274,4
91.16979365985698,70,105,20152.42147595117,14661.90703219162,22792.448414964245,121.11769517565318,37.081109007539766,67,100,7228.933199454299,2157.2830434291063,9270.277251884942,46.45446286417499,44.76525971990771,79,113,11147.82010460992,4231.202875145612,11191.314929976928,65.05142428516247,44.67355632897484,66,98,9116.456396100679,3366.277289747478,11168.38908224371,58.120737858145354,17.766664362939615,68,113,3356.695944511588,577.6823783505093,4441.666090734903,24.043359375582245,37.353412614948525,62,101,6914.3045232210925,2480.7099848915373,9338.353153737131,49.82885901314344,4
109.90375961408577,60,94,21549.67345528354,21946.460916415228,27475.939903521445,148.20172154422048,38.88749471947023,60,92,7455.077812124354,2484.6794830953777,9721.873679867558,49.84679551921644,45.06203064117311,80,114,11476.229661609701,4459.985887639633,11265.507660293277,66.7918886114011,47.39228423837398,72,107,10373.338980114033,4077.1823475548927,11848.071059593496,63.90908844038765,19.172021076332303,68,119,3836.65165199796,620.5605475071479,4793.005269083076,24.911076906858924,41.239983170164436,53,85,6906.416051046923,3057.5757643582806,10309.995792541109,55.32618499853804,4
83.28664737273863,77,102,17722.480165510424,11108.529536686232,20821.66184318466,105.47694171059635,32.686485910168614,61,106,6351.486177623903,1872.5095197940145,8171.621477542154,43.29540849704205,52.09288478321213,73,115,12686.030471265889,6118.68233556648,13023.221195803031,78.22302390919072,42.60293772452646,66,112,9652.235418790611,3040.349988747668,10650.734431131616,55.1393691573113,23.41262335635748,51,91,4411.796882898665,919.1599846471513,5853.15583908937,30.320776070304984,51.33263108361495,58,92,8854.148924259222,6635.210638744267,12833.157770903737,81.54908987808028,4
86.27451556058467,70,103,18850.690147685822,14122.43238672843,21568.62889014617,118.87439277420539,33.36978724063894,65,99,7125.8425753061265,1804.6167794151913,8342.446810159736,42.49126361070398,44.958070113536856,78,113,10911.41805129048,4656.466964336634,11239.517528384215,68.23904912503511,56.94472427042302,69,101,11918.230215580645,5567.412939188093,14236.181067605756,74.61954224295357,23.78562021406165,57,107,4500.698250956542,856.2747764927847,5946.405053515413,29.26269106358635,60.99604934743878,54,87,10125.432249736925,7267.569977521319,15249.012336859694,85.3651061811999,4
104.47335232555822,60,87,20271.12853320784,25502.99002800438,26118.338081389556,159.69897234001962,44.12456110770419,66,86,8534.901658780756,3224.052753083907,11031.140276926048,56.78074643884472,47.42700352185324,68,112,11923.897287291315,6922.634479417772,11856.750880463309,83.22034254852929,53.77511431578055,71,91,11321.17375912333,5153.033080180812,13443.778578945137,71.79354829595525,22.116556879944778,61,96,4220.26822210502,992.7834728448944,5529.139219986195,31.51725189574918,64.28638698884532,46,98,10234.669527148933,9442.555291695317,16071.59674721133,97.18339256293034,4
86.64762928133433,66,94,16680.895840477908,14868.43904237264,21661.907320333583,121.94056900087666,36.09996389869278,64,100,6819.196181398529,2228.998923762881,9024.990974673194,47.21322754565905,42.884758922339685,77,107,10433.481213206296,3664.576694593582,10721.189730584922,60.54744156713542,47.74857557664743,69,110,10555.481015041776,5565.686293183921,11937.143894161858,74.60356339027288,22.955683943271644,45,98,3857.3100859478454,1078.4504926530772,5738.920985817911,32.840718945840656,52.24848595599402,50,90,8294.674607127556,5555.206245725498,13062.121488998506,74.53679602924541,4
76.62825538814454,51,95,14924.757228679944,17214.349580543287,19157.063847036134,131.22610228972957,37.79196637202402,63,104,7612.127039879169,3305.3830553435623,9447.991593006005,57.49298515814406,34.82404352781831,66,109,8434.988062287292,4430.230946865293,8706.010881954579,66.57944976619142,44.152512240266006,62,105,8457.52874926664,4464.73048410525,11038.128060066501,66.81864965274765,20.233750856986102,58,108,3876.4828137528584,856.0473742300014,5058.4377142465255,29.25917694667563,48.665966422292584,42,93,7598.007767842858,6231.453939278522,12166.491605573146,78.9409060077077,4
80.82258818917174,50,105,14141.072222496816,12447.49321264636,20205.647047292936,111.57960039600088,29.380593025273107,64,106,5935.024455680801,1526.2669135303718,7345.148256318277,39.06982837246119,30.629041636109914,70,132,8225.103177845702,2932.940915640293,7657.260409027478,54.15685274874432,36.95378275695571,74,112,7750.909264263819,3239.24590654183,9238.445689238928,56.916120320347744,22.32217549084242,53,95,3707.6153041469984,1038.4395931106026,5580.543872710605,32.22485097524775,49.40467631199198,41,97,6777.315852708154,5602.702557476464,12351.169077997994,74.85120282582977,4
51.56711254127167,62,94,10198.88604589804,5190.579269121331,12891.778135317918,72.06915962885599,19.577522903630328,75,125,4656.029280185958,746.0687195996366,4894.380725907582,27.320409220248287,37.6090400696879,61,115,8110.931007974872,4363.696091146346,9402.260017421975,66.21447846214053,37.9086283683228,59,92,7879.8179768614655,2803.1167728514556,9477.1570920807,52.98990307126658,15.004775149180231,48,102,2905.8852582554136,421.26186838115393,3751.193787295058,20.54551205186921,34.64524567603578,58,95,5857.5737172651425,2523.3374078571483,8661.311419008944,50.2360240540412,4
27.02896302012884,62,98,5347.82243065243,1226.5630110891711,6757.24075503221,35.025590852131465,12.88551071379769,62,120,2640.453568029695,359.862077731016,3221.3776784494225,19.007765255117448,13.736258474222932,71,119,3042.2882210143853,693.70752542577,3434.064618555733,26.364009096137092,19.7573134069156,64,108,4054.8839745764653,1011.097504300606,4939.3283517289,31.808529130911293,9.184408226111977,54,121,1719.7122249035558,164.41339322553648,2296.102056527994,12.822381480020432,31.943473979364935,54,81,5629.225290484862,2135.102734265613,7985.868494841234,46.22152862580381,4
13.25180612110822,60,112,2762.771204904733,366.1364035306906,3312.951530277055,19.134846441281947,9.349400909014069,57,124,1634.6492303945954,168.15457325304578,2337.350227253517,13.058653339139617,6.994215640895913,83,149,1734.9763899963198,116.96637376770659,1748.5539102239782,10.816921072588586,13.078279864654771,71,108,2493.3643034909237,343.01254056190083,3269.5699661636927,18.549735065257885,4.769202174564885,68,161,937.9136784323802,49.31366355891333,1192.3005436412213,7.024428113200904,19.133845751512712,44,110,2910.810653771644,843.0657109427917,4783.461437878178,29.0447665724974,0
14.81174252533616,55,100,2938.3712283848427,475.9505129141711,3702.93563133404,21.81733212523176,8.393146328193879,61,129,1509.0608415194051,118.72223352160388,2098.28658204847,10.918041742326123,5.165399531433139,91,150,1206.0696568920316,50.53816721226363,1291.3498828582847,7.110576700354694,7.5383686393523694,74,143,1664.0617926420168,122.9356752590448,1884.5921598380924,11.092725512827224,2.2628755720366596,76,174,623.6403284493249,16.55950947084589,565.7188930091648,4.069916767845605,8.900785896379162,73,120,1861.8822378119503,143.6560390954572,2225.1964740947906,11.985828534506142,0
15.713263612457588,59,110,2975.8398821799915,432.30995346961504,3928.315903114397,20.792736624609926,7.466176954804468,59,128,1339.5691218007426,88.60089121817028,1866.5442387011171,9.417288567620503,4.326438566700155,96,165,1091.9654795973345,23.275108869182635,1081.6096416750388,4.82857918658678,6.6816367920828865,75,142,1315.9304583218595,75.78598503333335,1670.4091980207215,8.716516124333458,3.9373372245357254,70,151,787.0211824447736,48.31037674567526,984.3343061339314,6.950861395082339,17.465863832867576,54,105,2818.02565824917,1046.270959794693,4366.465958216894,32.34936169999038,0
17.582606708643116,51,104,3064.9486570539866,665.8483953091632,4395.651677160779,25.813690831787714,5.992980138968338,63,127,1179.6136179075,57.47025243896591,1498.2450347420845,7.581543796503312,4.3393469507332805,91,157,1029.7187288153125,22.540025885606834,1084.83673768332,4.749044841506205,4.965436301733972,55,151,1017.5603867673611,46.93486610548772,1241.3590754334932,6.851084812169101,1.7992402144468171,73,185,494.09212789626906,12.133844324524551,449.8100536117043,3.48589803408738,7.956072448118835,69,141,1544.8503619694102,145.37305968966425,1989.0181120297088,12.057217349162983,0
13.30550336794867,68,103,2522.6217944975215,285.9274892964976,3326.3758419871674,16.91275141490882,5.291049041201372,74,146,1174.6641701550216,46.91145064781379,1322.762260300343,6.863529142719605,4.139254508570853,94,166,1007.4065746177896,20.808005767516757,1034.8136271427134,4.562556940501568,5.1491686803190335,71,149,1096.2304050990303,39.59903852292671,1287.2921700797583,6.311975920451814,1.799615000361854,65,143,452.1198636856053,17.33744469081824,449.9037500904635,4.16382576643745,9.447660217846416,48,111,1570.0792037822619,348.0924766326384,2361.915054461604,18.65814199642773,0
